Lost,Total Datagrams,Loss Rate (%)
0,66261,0
0,70054,0
0,70020,0
0,70013,0
0,70016,0
0,70051,0
8,70032,0.011429878
-8,70009,-0.011427102
0,70027,0
0,70046,0
0,70009,0
0,70026,0
0,70039,0
0,70043,0
1199,70005,1.712770566
-1199,70021,-1.71234344
0,70042,0
0,70006,0
0,70035,0
0,70051,0
7,70005,0.011424654
-7,70034,-0.009995145
0,70013,0
0,70037,0
0,70024,0
0,70040,0
0,70021,0
0,70042,0
0,70015,0
1215,70033,1.735694563
-1215,70020,-1.735218509
0,70048,0
0,70018,0
7,70031,0.011423349
-7,70021,-0.009997001
0,70043,0
16,70020,0.022859755
-16,70047,-0.022841806
0,70024,0
0,70027,0
0,70019,0
0,70033,0
0,69938,0
0,70125,0
1199,70021,1.713404535
-1199,70003,-1.712783738
0,70045,0
0,70013,0
0,70035,0
0,70045,0
0,70033,0
0,69992,0
0,70020,0
0,70060,0
0,70031,0
0,70025,0
0,70026,0
0,70022,0
0,70031,0
1201,70048,1.715847307
-1201,70000,-1.715714286
0,70032,0
0,70038,0
0,70028,0
0,70030,0
0,69997,0
0,70039,0
0,70041,0
0,69725,0
0,70144,0
0,70030,0
0,70097,0
0,69839,0
0,70224,0
1142,69834,1.63641855
-1142,70177,-1.627313792
0,69924,0
0,69997,0
0,70308,0
0,70026,0
0,70017,0
0,70049,0
0,70030,0
0,70017,0
8,70036,0.011424654
-8,70047,-0.011420903
0,69996,0
0,70024,0
0,70025,0
1335,70054,1.906591359
-1335,70025,-1.906461978
0,70001,0
0,70058,0
0,70028,0
0,70013,0
0,70032,0
0,70031,0
0,70024,0
0,70037,0
0,70013,0
0,70013,0
0,70051,0
0,70024,0
0,70022,0
1361,70049,1.942925666
-1361,69574,-1.956190531
0,70034,0
0,70471,0
0,70001,0
0,70048,0
0,70015,0
0,70032,0
0,70027,0
0,70034,0
0,70015,0
0,70045,0
0,69999,0
0,70064,0
0,70024,0
1688,70020,2.411587767
-1688,70004,-2.411290783
0,70074,0
0,70020,0
0,70003,0
0,70039,0
0,70021,0
0,70033,0
0,70015,0
0,70036,0
0,70026,0
0,70036,0
0,70038,0
0,70025,0
0,70000,0
1764,70033,2.520004777
-1764,70057,-2.51794967
0,70032,0
0,69984,0
0,70051,0
0,70037,0
0,70039,0
0,70009,0
0,70002,0
0,70037,0
0,70052,0
0,70025,0
0,70036,0
0,70021,0
0,70027,0
1259,70016,1.798576482
-1259,70043,-1.79746727
0,70048,0
0,70013,0
0,70003,0
0,70063,0
0,70006,0
0,70022,0
0,70034,0
0,70024,0
0,70030,0
0,70044,0
0,69999,0
0,70043,0
0,70029,0
1197,70031,1.71056075
-1197,70028,-1.709316273
0,70025,0
0,70035,0
0,70019,0
0,70023,0
0,70004,0
0,70036,0
0,69566,0
0,70491,0
0,69603,0
0,70473,0
0,70025,0
0,70036,0
0,70019,0
2105,70006,3.0082755
-2105,70058,-3.004653287
0,70008,0
0,70026,0
0,70038,0
0,70037,0
7,70003,0.011423349
-7,70041,-0.009994146
0,70040,0
0,70043,0
0,70010,0
0,70034,0
0,70003,0
0,70048,0
0,70020,0
1754,70020,2.506380006
-1754,70023,-2.50489125
0,70058,0
0,70042,0
0,69985,0
0,70035,0
0,70052,0
0,70012,0
0,70033,0
0,70032,0
0,70017,0
0,70026,0
0,70046,0
0,70008,0
0,70051,0
1727,70019,2.46736822
-1727,70026,-2.46622683
0,70025,0
0,70016,0
0,70041,0
0,70039,0
0,69985,0
0,70045,0
0,70027,0
0,70023,0
0,70041,0
0,70021,0
0,70036,0
0,70024,0
0,70033,0
1800,70003,2.571834993
-1800,70059,-2.56926305
0,70022,0
0,70024,0
0,69992,0
0,70013,0
0,70050,0
0,70055,0
0,69995,0
0,70035,0
0,70075,0
0,70009,0
7,69998,0.011424654
-7,70054,-0.009992292
0,70035,0
1724,70030,2.463139386
-1724,70008,-2.462575706
0,70030,0
0,70041,0
0,70022,0
0,70055,0
0,69997,0
0,70037,0
0,70048,0
0,69991,0
0,70015,0
0,70056,0
0,70039,0
0,70018,0
0,70030,0
1359,70034,1.941706141
-1359,70020,-1.940874036
0,70041,0
0,70022,0
0,70046,0
0,70022,0
0,70010,0
0,70023,0
0,70027,0
0,70028,0
0,70060,0
0,70017,0
0,69987,0
0,70051,0
0,70016,0
952,70033,1.359971859
-952,70043,-1.359165084
8,70048,0.011423349
-8,69993,-0.011429714
0,70030,0
0,70014,0
0,70057,0
0,70040,0
0,70011,0
7,70004,0.011424654
-7,70051,-0.00999272
0,70029,0
0,70005,0
0,70049,0
0,70023,0
991,70025,1.415554445
-991,70025,-1.415208854
0,70024,0
0,70042,0
0,70027,0
0,70036,0
0,70004,0
0,70009,0
0,70070,0
0,70013,0
0,70050,0
0,70015,0
0,70013,0
0,70035,0
0,70050,0
1678,70012,2.397345065
-1678,70023,-2.396355483
0,70056,0
0,69989,0
0,70022,0
0,70058,0
0,70040,0
0,69994,0
0,70026,0
0,70012,0
0,70045,0
0,70064,0
0,70019,0
0,70030,0
0,70007,0
1202,70016,1.716824018
-1202,70064,-1.715574332
0,70009,0
0,70016,0
0,70036,0
0,70041,0
0,70016,0
0,70045,0
0,70021,0
0,70013,0
0,70032,0
0,70022,0
0,70032,0
0,70028,0
0,70022,0
2005,70025,2.864148159
-2005,70054,-2.862077826
0,70028,0
0,70006,0
0,70033,0
0,70039,0
0,69996,0
0,70047,0
0,70031,0
0,70048,0
0,70025,0
0,70009,0
0,70038,0
0,70021,0
0,70017,0
1163,70015,1.661954939
-1163,70036,-1.660574562
0,70023,0
0,70064,0
0,69997,0
8,70053,0.011424654
-8,70040,-0.011422045
0,70026,0
0,69994,0
0,70032,0
0,70029,0
0,70024,0
0,70041,0
0,70020,0
0,70007,0
1313,70063,1.875446365
-1313,70018,-1.875232083
0,70027,0
0,70033,0
0,70000,0
0,70056,0
0,69995,0
0,70058,0
0,70029,0
0,70021,0
0,70042,0
0,70024,0
0,70037,0
0,70008,0
0,70032,0
1028,70018,1.468910439
-1028,70040,-1.467732724
0,70017,0
0,70041,0
0,70009,0
0,70018,0
8,70053,0.011423349
-8,70013,-0.011426449
0,70032,0
0,70054,0
0,70014,0
0,70030,0
0,70038,0
0,69993,0
0,70060,0
1301,70040,1.858626274
-1301,69999,-1.85859798
0,70031,0
0,70030,0
0,70034,0
0,70004,0
0,70032,0
0,70043,0
0,70003,0
0,70052,0
0,70000,0
0,70062,0
0,70034,0
0,70021,0
0,70043,0
1059,70019,1.513239652
-1059,69995,-1.512965212
0,70056,0
0,70018,0
0,70039,0
0,70005,0
0,70032,0
0,70026,0
0,70055,0
0,69995,0
0,70036,0
0,70003,0
0,70065,0
0,70004,0
0,70063,0
1049,70018,1.498506724
-1049,70037,-1.497779745
0,70003,0
0,70049,0
0,70034,0
0,70001,0
0,70034,0
0,70032,0
0,70027,0
0,70021,0
0,70036,0
0,70015,0
0,70056,0
0,70016,0
0,70045,0
943,70003,1.347678045
-943,70050,-1.346181299
0,69999,0
0,70046,0
0,70046,0
0,69995,0
0,70019,0
0,70066,0
0,69992,0
0,70066,0
0,69980,0
0,70055,0
0,70025,0
0,70020,0
0,70018,0
1989,70075,2.839113721
-1989,69995,-2.841631545
0,70043,0
0,70032,0
0,69997,0
0,70056,0
0,70047,0
0,70000,0
0,70022,0
0,70018,0
0,70037,0
0,70038,0
0,69999,0
0,70050,0
0,70027,0
1015,70028,1.450372232
-1015,70011,-1.449772179
0,70030,0
0,70052,0
0,70021,0
0,70010,0
0,70043,0
0,70037,0
0,70001,0
0,70049,0
0,69994,0
0,70039,0
8,70054,0.011423349
-8,70025,-0.011424491
0,70037,0
1002,70031,1.431130422
-1002,70037,-1.430672359
0,70001,0
0,70036,0
0,70005,0
0,70052,0
0,70005,0
0,70060,0
0,70023,0
0,69998,0
0,70029,0
0,70028,0
0,70036,0
0,70044,0
0,70032,0
1205,70029,1.720798534
-1205,70035,-1.720568287
0,70026,0
0,69994,0
0,70047,0
0,70024,0
0,70039,0
0,70016,0
0,70029,0
0,70027,0
0,69677,0
0,70394,0
0,70007,0
0,70050,0
0,69998,0
1306,70055,1.865435117
-1306,70004,-1.86560768
0,70047,0
0,70016,0
0,70036,0
0,70038,0
0,70021,0
0,70013,0
0,70033,0
8,70064,0.011423349
-8,70002,-0.011428245
0,70021,0
0,70020,0
8,70054,0.011423349
-8,70015,-0.011426123
975,70015,1.393454338
-975,70035,-1.392161062
0,70039,0
0,70047,0
0,69980,0
0,70051,0
0,70016,0
0,70038,0
0,70029,0
0,70017,0
0,70043,0
0,70023,0
0,70033,0
0,70017,0
0,70047,0
1361,70034,1.944321487
-1361,70031,-1.943425055
0,69991,0
0,70037,0
0,70017,0
0,70037,0
0,70020,0
0,70040,0
0,70043,0
0,70010,0
0,70056,0
7,69992,0.01142596
-7,70047,-0.00999329
0,70032,0
0,70041,0
1542,70015,2.203389831
-1542,70011,-2.202511034
0,70014,0
0,70050,0
0,70010,0
0,70028,0
0,70040,0
0,70050,0
0,69989,0
0,70062,0
0,70005,0
0,70030,0
0,70034,0
0,70028,0
0,70050,0
1197,70011,1.710743526
-1197,70013,-1.709682488
0,70051,0
0,70023,0
0,70020,0
0,70031,0
0,70024,0
0,70025,0
0,70034,0
0,70022,0
7,70041,0.011419436
-7,70015,-0.009997858
0,70035,0
0,69998,0
0,70041,0
1203,69509,1.731750182
-1203,70143,-1.71506779
7,69924,0.011428571
-7,70432,-0.009938664
0,69646,0
0,70409,0
7,69699,0.01142596
-7,70150,-0.009978617
7,69874,0.011424654
-7,69982,-0.010002572
8,70170,0.011423349
-8,70149,-0.011404297
15,69758,0.022844089
-15,70292,-0.021339555
0,69878,0
1215,69909,1.738124482
-1215,70138,-1.732299182
0,70306,0
0,69675,0
0,69962,0
0,70155,0
0,70325,0
0,70130,0
0,70032,0
16,70064,0.022849309
-16,70023,-0.022849635
7,70000,0.011423349
-7,70054,-0.009992292
0,70025,0
0,70015,0
1206,70027,1.722199996
-1206,70045,-1.721750303
0,70030,0
0,70030,0
0,70037,0
0,70014,0
0,70028,0
8,70037,0.011424654
-8,70045,-0.011421229
0,70020,0
7,70028,0.011423349
-7,70035,-0.009995002
0,70009,0
0,70013,0
0,70052,0
1208,70031,1.725820657
-1208,70023,-1.725147452
0,70014,0
0,70021,0
0,70054,0
0,70045,0
0,70011,0
7,70015,0.011423349
-7,70038,-0.009994574
0,70015,0
0,70034,0
0,70016,0
0,70036,0
0,70026,0
0,70023,0
1200,70037,1.713575804
-1200,70044,-1.71320884
0,70021,0
0,70017,0
0,70019,0
8,70030,0.011424654
-8,70036,-0.011422697
7,70008,0.011423349
-7,70044,-0.009993718
8,70052,0.011423349
-8,70018,-0.011425633
0,70018,0
8,70028,0.011424654
-8,70030,-0.011423676
0,70038,0
1201,70027,1.715980275
-1201,70044,-1.714636514
0,70000,0
0,70046,0
0,70023,0
15,70026,0.022844089
-15,70009,-0.021425817
0,70045,0
0,70032,0
0,70026,0
0,70004,0
0,70046,0
0,70037,0
0,70023,0
0,70019,0
1206,70033,1.722389637
-1206,70034,-1.722020733
0,70004,0
0,70055,0
0,70009,0
0,70066,0
0,69973,0
0,70054,0
0,70002,0
0,70024,0
0,70065,0
0,70007,0
0,70059,0
0,70015,0
0,70039,0
1210,69995,1.728708847
-1210,70058,-1.727140369
7,70003,0.011423349
-7,70035,-0.009995002
0,70051,0
0,70003,0
0,70021,0
0,70017,0
0,70049,0
0,70033,0
0,70005,0
16,70036,0.02285192
-16,70031,-0.022847025
0,70056,0
0,70000,0
1208,70046,1.725295285
-1208,70024,-1.725122815
0,70016,0
7,70006,0.011424654
-7,70041,-0.009994146
8,70056,0.011423349
-8,70013,-0.011426449
0,70019,0
0,70055,0
0,70016,0
0,70030,0
0,70020,0
0,70027,0
7,70022,0.011424654
-7,70049,-0.009993005
1201,70024,1.71540629
-1201,70015,-1.715346711
0,70026,0
7,70026,0.011423349
-7,70029,-0.009995859
15,70010,0.022846699
-15,70045,-0.021414805
0,70013,0
0,70045,0
0,70027,0
0,70046,0
0,70021,0
0,70024,0
0,70031,0
0,70030,0
1239,70002,1.771288288
-1239,70047,-1.768812369
0,70028,0
0,70031,0
0,70017,0
0,70034,0
0,70022,0
0,70046,0
0,69985,0
16,70066,0.022844089
-16,70036,-0.022845394
0,70012,0
0,70038,0
0,70038,0
0,70015,0
1210,70011,1.728620818
-1210,70042,-1.727534908
7,70032,0.011422045
-7,70037,-0.009994717
0,70010,0
0,70036,0
0,70021,0
15,70012,0.022844089
-15,70052,-0.021412665
7,70007,0.01142596
-7,70041,-0.009994146
0,70026,0
0,70048,0
0,70014,0
0,70015,0
1210,70011,1.728324525
-1210,70047,-1.727411595
7,70030,0.011423349
-7,70031,-0.009995573
0,70025,0
0,70040,0
0,70023,0
0,70008,0
0,70055,0
0,70024,0
0,70023,0
0,70046,0
0,69996,0
0,70048,0
0,70041,0
1207,70018,1.725016307
-1207,69965,-1.725148288
0,69915,0
15,69918,0.02284148
-15,70315,-0.021332575
0,70020,0
7,70012,0.011424654
-7,70011,-0.009998429
0,70061,0
0,70011,0
0,70040,0
8,70040,0.011422045
-8,70026,-0.011424328
7,70031,0.011423349
-7,70029,-0.009995859
1210,69986,1.729575455
-1210,70030,-1.72783093
0,70055,0
0,70026,0
0,69999,0
8,70051,0.011423349
-8,70036,-0.011422697
0,70015,0
7,70017,0.011422045
-7,70051,-0.00999272
0,70028,0
0,70026,0
0,70030,0
0,70003,0
0,70063,0
1204,70029,1.719478542
-1204,70004,-1.71990172
0,70022,0
0,70019,0
0,70059,0
7,70027,0.011423349
-7,70006,-0.009999143
0,70036,0
8,70041,0.01142596
-8,70000,-0.011428571
8,70035,0.011424654
-8,70032,-0.011423349
0,70042,0
0,70045,0
0,70028,0
1212,70009,1.732065342
-1212,70026,-1.730785708
0,70028,0
0,70029,0
0,70007,0
0,70026,0
0,70033,0
8,70042,0.011424654
-8,70048,-0.01142074
0,70004,0
0,70040,0
0,69991,0
0,70077,0
0,69984,0
0,69967,0
1200,70110,1.712512907
-1200,70041,-1.71328222
0,70040,0
0,70027,0
7,70031,0.011423349
-7,70017,-0.009997572
0,70027,0
0,69993,0
8,70046,0.011424654
-8,70042,-0.011421718
0,70016,0
7,70037,0.011422045
-7,70040,-0.009994289
0,69998,0
0,70037,0
1206,70055,1.722217462
-1206,69977,-1.723423411
0,70049,0
0,70026,0
0,70045,0
0,69989,0
0,70075,0
0,70022,0
0,70018,0
0,70021,0
0,70058,0
0,69988,0
0,70050,0
0,70027,0
0,70022,0
1204,70040,1.719885309
-1204,70015,-1.719631508
8,70035,0.011424654
-8,69999,-0.011428735
0,70060,0
0,70019,0
0,70032,0
0,70012,0
0,70036,0
0,70021,0
0,70050,0
0,70023,0
0,70006,0
7,70020,0.011423349
-7,70051,-0.00999272
1435,70021,2.050087861
-1435,70036,-2.048946256
0,70039,0
0,70032,0
0,69994,0
8,70053,0.01142596
-8,70019,-0.01142547
0,70037,0
0,70041,0
8,70028,0.011424654
-8,70018,-0.011425633
0,70006,0
0,70030,0
0,70031,0
0,70027,0
1209,70031,1.726583098
-1209,70033,-1.726329016
7,70015,0.011424654
-7,70011,-0.009998429
0,70050,0
0,70029,0
0,70015,0
0,70022,0
0,70077,0
0,69982,0
0,70055,0
0,70035,0
0,70036,0
0,70026,0
0,70031,0
1205,69995,1.721683403
-1205,70042,-1.720396334
0,70018,0
0,70010,0
0,70056,0
0,70008,0
0,70025,0
0,70071,0
0,69968,0
0,70089,0
0,70008,0
0,70019,0
0,70032,0
0,70017,0
0,70058,0
1876,70000,2.681095977
-1876,70059,-2.677743045
0,69990,0
0,70043,0
0,70003,0
0,70051,0
0,70024,0
0,70034,0
0,70053,0
0,69975,0
0,70046,0
0,70022,0
0,70058,0
0,70007,0
0,70033,0
1989,70014,2.841464688
-1989,70037,-2.839927467
0,70012,0
0,70048,0
0,70042,0
0,70025,0
0,70033,0
7,70014,0.01142596
-7,70025,-0.00999643
0,70052,0
0,70014,0
0,70008,0
0,70021,0
0,70059,0
0,70028,0
2159,70020,3.083734066
-2159,70038,-3.082612296
0,70038,0
0,70027,0
0,70026,0
0,70027,0
0,69991,0
0,70054,0
0,70029,0
7,69995,0.011423349
-7,70058,-0.009991721
0,70033,0
0,70027,0
0,70001,0
0,70063,0
2151,69974,3.075264817
-2151,70047,-3.070795323
0,70055,0
0,70019,0
0,70023,0
0,70023,0
0,70025,0
0,70015,0
8,70065,0.011423349
-8,70021,-0.011425144
0,69996,0
0,70044,0
0,70015,0
0,70052,0
0,70040,0
1624,70010,2.320467703
-1624,70009,-2.319701753
0,70069,0
0,69993,0
0,70047,0
0,70025,0
0,69988,0
0,70068,0
0,70010,0
0,70021,0
0,70057,0
0,70023,0
0,70031,0
0,70011,0
0,70023,0
1195,70058,1.706032997
-1195,70037,-1.706240987
0,70012,0
0,70037,0
0,69991,0
0,70072,0
0,69982,0
0,70047,0
0,70011,0
0,70053,0
0,70044,0
7,69983,0.011424654
-7,70066,-0.00999058
0,69994,0
0,70077,0
1206,70011,1.723596276
-1206,70054,-1.721529106
0,69982,0
0,70058,0
0,69980,0
0,70081,0
0,70013,0
0,70004,0
0,70029,0
0,70045,0
0,70031,0
0,70006,0
0,70033,0
0,70046,0
0,69987,0
1185,70086,1.691445809
-1185,69987,-1.693171589
0,70064,0
0,70030,0
0,70030,0
0,69986,0
8,70033,0.011423349
-8,70034,-0.011423023
0,70016,0
0,70056,0
0,70032,0
0,70015,0
0,70052,0
0,70001,0
0,70036,0
1195,70023,1.70758195
-1195,69999,-1.707167245
0,70030,0
0,70074,0
0,69994,0
0,70053,0
0,70029,0
0,70026,0
0,70027,0
0,70010,0
0,70029,0
0,70043,0
0,70036,0
0,70019,0
0,70022,0
1222,70028,1.745816373
-1222,70029,-1.744991361
0,70007,0
0,70062,0
0,70006,0
0,70048,0
0,70042,0
0,70030,0
0,70026,0
0,70006,0
0,69994,0
0,70070,0
0,70039,0
0,70011,0
0,70035,0
1210,70037,1.728814527
-1210,69996,-1.72867021
0,70029,0
0,70058,0
0,70020,0
0,70003,0
8,70035,0.01142596
-8,70052,-0.011420088
0,70023,0
0,70023,0
0,70031,0
0,70034,0
0,69989,0
0,70026,0
0,70055,0
1185,69992,1.693408408
-1185,70055,-1.691528085
0,70030,0
0,70020,0
0,70022,0
0,70033,0
0,70044,0
15,69996,0.022846699
-15,70076,-0.021405331
0,69992,0
0,70050,0
0,70025,0
0,70005,0
0,70070,0
0,69996,0
1083,70051,1.546206916
-1083,69996,-1.54723127
0,70037,0
0,70056,0
0,70008,0
0,70036,0
0,70037,0
0,69998,0
0,70019,0
0,70044,0
0,70037,0
0,70032,0
0,70038,0
0,70005,0
0,70051,0
1853,70000,2.648317171
-1853,70034,-2.645857726
0,70016,0
0,70030,0
0,70034,0
0,70036,0
0,70051,0
0,70009,0
0,70025,0
0,70017,0
0,70051,0
0,70014,0
0,70017,0
0,70039,0
0,70035,0
1971,70008,2.816175839
-1971,70056,-2.813463515
0,69987,0
0,70039,0
0,70029,0
0,70028,0
0,70027,0
0,70058,0
0,70016,0
0,70036,0
0,69991,0
0,70056,0
0,70036,0
0,70020,0
0,70011,0
1231,70045,1.757516918
-1231,70035,-1.757692582
0,70020,0
0,70040,0
7,70008,0.011423349
-7,70053,-0.009992434
0,70036,0
0,70025,0
0,69981,0
0,70048,0
0,70017,0
0,70060,0
0,70004,0
0,70048,0
0,70023,0
1195,69810,1.713099811
-1195,70239,-1.701334017
0,70032,0
0,70019,0
0,70047,0
0,70004,0
0,70052,0
0,70029,0
0,69986,0
0,70063,0
0,70014,0
0,70060,0
0,69997,0
0,70026,0
0,70027,0
1201,70028,1.715514821
-1201,70023,-1.715150736
0,70047,0
0,70025,0
0,70014,0
0,70065,0
0,70004,0
0,70030,0
0,70010,0
0,70038,0
0,70017,0
0,70029,0
0,70038,0
0,70022,0
0,70007,0
1204,70071,1.719302756
-1204,70039,-1.719042248
7,69980,0.011424654
-7,70067,-0.009990438
0,70020,0
0,70004,0
0,70021,0
0,70047,0
0,70016,0
0,70044,0
0,70031,0
0,70006,0
0,70057,0
0,70018,0
0,70049,0
1211,70007,1.730884579
-1211,70043,-1.728937938
0,70028,0
0,70017,0
0,70017,0
0,70052,0
0,70013,0
0,70017,0
0,70047,0
0,70000,0
0,70067,0
0,70015,0
0,70020,0
0,70030,0
0,70043,0
1220,69995,1.743037607
-1220,70044,-1.741762321
0,70035,0
0,70005,0
0,70045,0
0,70033,0
0,70037,0
0,70021,0
0,70024,0
0,70037,0
0,70024,0
0,70028,0
0,70024,0
0,70025,0
0,70026,0
1194,70020,1.70594677
-1194,70024,-1.70512967
0,70051,0
0,70020,0
0,70029,0
0,70002,0
0,70067,0
0,70018,0
0,70038,0
0,70002,0
0,70048,0
0,70005,0
0,70037,0
0,70046,0
0,70021,0
1212,70035,1.73079211
-1212,70013,-1.73110708
0,70044,0
0,70006,0
0,70028,0
0,70053,0
0,70015,0
0,70007,0
0,70042,0
0,70006,0
0,70060,0
0,70003,0
0,70041,0
0,70002,0
0,70067,0
1198,70012,1.711574067
-1198,70012,-1.711135234
0,70029,0
8,70068,0.011423349
-8,70034,-0.011423023
0,70011,0
0,70008,0
0,70031,0
0,70041,0
0,70020,0
0,70029,0
0,70004,0
0,70059,0
0,70035,0
0,69995,0
1212,70047,1.730897326
-1212,70050,-1.730192719
0,70005,0
0,70009,0
0,70048,0
0,70035,0
0,69993,0
0,70024,0
0,70067,0
0,70012,0
0,70014,0
0,70064,0
0,69992,0
0,70031,0
0,70030,0
1210,70030,1.728331596
-1210,70037,-1.727658238
0,70004,0
0,70063,0
0,70017,0
0,70030,0
0,70010,0
0,70009,0
0,70073,0
0,70043,0
0,70003,0
0,70030,0
0,70018,0
0,70053,0
0,70016,0
1207,70023,1.724474399
-1207,70052,-1.723005767
0,70000,0
0,70049,0
0,70007,0
0,70027,0
0,70035,0
0,70046,0
0,70014,0
0,70020,0
0,70048,0
0,70022,0
0,70037,0
0,70018,0
0,70025,0
1204,70016,1.719960202
-1204,70040,-1.719017704
0,70030,0
0,70020,0
0,70026,0
0,70050,0
0,69996,0
0,70040,0
0,70032,0
0,70022,0
0,70053,0
0,70014,0
0,70017,0
0,70048,0
0,70034,0
1462,70022,2.08821122
-1462,70019,-2.088004684
0,70014,0
0,70037,0
0,70040,0
0,70026,0
0,69997,0
0,70052,0
8,70042,0.011424654
-8,70002,-0.011428245
0,70044,0
0,70007,0
0,70056,0
0,70020,0
0,70016,0
1214,70028,1.734891117
-1214,70041,-1.733270513
0,70004,0
0,70063,0
0,70015,0
0,70028,0
7,70025,0.011423349
-7,70041,-0.009994146
0,69997,0
0,70042,0
0,70037,0
0,70001,0
0,70041,0
0,70020,0
0,70056,0
1430,70012,2.043360743
-1430,70032,-2.041923692
0,70052,0
0,70009,0
0,70039,0
0,70004,0
0,70037,0
0,70032,0
0,70014,0
0,70029,0
0,70041,0
0,70025,0
0,70028,0
0,70037,0
0,70017,0
1417,70032,2.023508336
-1417,70028,-2.023476324
0,70008,0
0,70039,0
0,70028,0
0,70043,0
0,70041,0
0,69990,0
0,70056,0
0,70003,0
0,70021,0
0,70058,0
0,70019,0
0,70014,0
0,70035,0
1198,70027,1.711696274
-1198,70011,-1.711159675
0,70037,0
0,70059,0
0,70006,0
0,70048,0
0,70020,0
0,70021,0
0,70018,0
0,70030,0
0,70026,0
0,70056,0
0,70019,0
0,70023,0
0,70056,0
1211,70016,1.731014526
-1211,70003,-1.72992586
0,70049,0
0,70002,0
0,70018,0
0,70067,0
0,70002,0
0,70044,0
0,70017,0
0,70027,0
0,70013,0
0,70026,0
0,70043,0
0,70022,0
0,70034,0
1208,70031,1.725450997
-1208,70026,-1.725073544
0,70011,0
0,70024,0
0,70053,0
0,70013,0
0,70032,0
0,70027,0
0,70021,0
0,70041,0
0,70042,0
0,69987,0
0,70063,0
0,70005,0
0,69334,0
1204,70725,1.703201238
-1204,70041,-1.718993161
0,70021,0
0,70032,0
0,70025,0
0,70027,0
0,70026,0
0,70034,0
0,70011,0
0,70058,0
0,70001,0
0,70060,0
0,70013,0
0,70020,0
0,70047,0
1205,70004,1.721495612
-1205,70017,-1.721010612
0,70051,0
0,70048,0
0,69978,0
0,70061,0
0,70039,0
0,70012,0
7,70027,0.011423349
-7,70070,-0.00999001
0,69970,0
0,70038,0
0,70012,0
0,70053,0
0,70018,0
1213,70041,1.732349401
-1213,70037,-1.731941688
0,70042,0
0,69994,0
0,70049,0
0,70010,0
0,70001,0
0,70045,0
0,70030,0
0,70062,0
0,69992,0
0,70052,0
0,70005,0
0,70052,0
0,70010,0
1214,69974,1.735605606
-1214,70086,-1.732157635
0,70010,0
0,70051,0
0,70020,0
0,70030,0
0,70032,0
0,70019,0
0,70027,0
0,70045,0
0,69996,0
0,70027,0
0,69968,0
0,70111,0
0,70040,0
1943,70002,2.775829241
-1943,70052,-2.773653857
0,69986,0
0,70039,0
0,70023,0
0,70027,0
0,70034,0
0,70062,0
0,70024,0
0,70012,0
0,70028,0
0,70052,0
0,70001,0
0,70054,0
0,70024,0
950,70021,1.358068736
-950,70059,-1.355999943
0,70003,0
0,70020,0
0,70035,0
0,70005,0
0,70035,0
0,69986,0
0,70087,0
0,69971,0
0,70058,0
0,70031,0
0,69428,0
0,70643,0
0,69997,0
972,70069,1.387521346
-972,70009,-1.388392921
0,70018,0
0,70021,0
0,70046,0
0,70023,0
0,70042,0
0,70027,0
0,70032,0
0,70031,0
7,70014,0.011424654
-7,70023,-0.009996715
0,70040,0
0,70026,0
0,70025,0
1208,70032,1.725335693
-1208,70025,-1.725098179
0,70040,0
0,70015,0
0,70041,0
0,70019,0
0,70042,0
0,70024,0
0,70026,0
0,70015,0
0,70029,0
0,70022,0
0,70039,0
0,70029,0
0,70007,0
1218,70030,1.739780278
-1218,70032,-1.739204935
0,70030,0
0,70046,0
0,70029,0
0,70008,0
0,70032,0
0,70066,0
0,70000,0
0,70032,0
0,70009,0
0,70045,0
0,70018,0
0,70029,0
0,70055,0
1201,69996,1.716064188
-1201,70028,-1.715028274
0,70049,0
0,70008,0
0,70051,0
0,70011,0
0,70023,0
0,70007,0
0,70051,0
0,70023,0
0,70024,0
0,70039,0
0,70016,0
0,70024,0
0,70068,0
1192,70006,1.70276354
-1192,70040,-1.701884637
0,69995,0
0,70032,0
0,70062,0
0,70013,0
0,70017,0
0,70040,0
0,70033,0
0,70014,0
0,70055,0
0,69997,0
0,69999,0
0,70055,0
0,70038,0
1219,70030,1.741410738
-1219,70031,-1.740657709
0,70011,0
0,70011,0
0,70061,0
0,70043,0
0,69983,0
0,70058,0
0,70007,0
0,70030,0
0,70018,0
0,70054,0
0,70038,0
0,70029,0
0,69993,0
1181,70042,1.687128787
-1181,70018,-1.686709132
0,70040,0
0,70053,0
0,69990,0
0,70064,0
0,70003,0
0,70022,0
0,70050,0
0,70029,0
0,70036,0
0,70013,0
0,70011,0
0,70022,0
0,70030,0
1200,70014,1.714720716
-1200,70063,-1.712744244
0,70036,0
0,70009,0
0,70063,0
0,70018,0
0,70032,0
0,70016,0
0,70032,0
0,70011,0
0,70069,0
0,69990,0
0,70049,0
0,69999,0
0,70034,0
1195,70036,1.706947777
-1195,70051,-1.705899987
0,70006,0
0,70042,0
0,70028,0
0,70014,0
0,70036,0
0,69995,0
0,70051,0
0,70015,0
0,70034,0
0,70027,0
0,70058,0
0,70016,0
0,70018,0
1216,70061,1.736874673
-1216,70006,-1.736993972
0,70012,0
0,70054,0
0,70021,0
0,70037,0
0,70022,0
0,70003,0
0,70055,0
0,70017,0
0,70024,0
0,70027,0
0,70048,0
0,69800,0
0,70239,0
1151,70034,1.644302159
-1151,70016,-1.643909963
0,70040,0
0,70004,0
0,70033,0
0,70034,0
0,70017,0
0,70042,0
0,70027,0
0,70033,0
0,70009,0
0,70029,0
0,70041,0
0,70037,0
0,70040,0
1202,69975,1.718335737
-1202,70044,-1.716064188
8,70032,0.011424654
-8,70056,-0.011419436
0,70030,0
7,70017,0.011423349
-7,70042,-0.009994004
0,70002,0
0,70022,0
0,70039,0
8,70024,0.011424654
-8,70053,-0.011419925
0,70001,0
0,70026,0
0,70017,0
1208,70053,1.724433278
-1208,70017,-1.725295285
0,70049,0
0,69996,0
0,70062,0
0,70012,0
0,70030,0
8,70043,0.011423349
-8,70021,-0.011425144
0,70032,0
0,70008,0
0,70048,0
0,70038,0
0,70016,0
0,70007,0
1201,70028,1.716113189
-1201,70055,-1.714367283
7,70012,0.011424654
-7,70054,-0.009992292
0,69993,0
0,70008,0
0,70063,0
0,70027,0
0,70030,0
0,69715,0
0,69722,0
0,70630,0
0,70063,0
0,70008,0
0,70020,0
1189,70038,1.69873214
-1189,70021,-1.69806201
0,70040,0
0,70014,0
0,70040,0
0,70029,0
0,70006,0
0,70060,0
0,70007,0
0,70036,0
0,70014,0
0,70030,0
0,70047,0
0,70020,0
0,70024,0
1198,70035,1.71189184
-1198,70005,-1.711306335
0,70028,0
7,70007,0.011423349
-7,70047,-0.00999329
0,70030,0
0,70029,0
0,70035,0
0,70024,0
0,70010,0
0,70048,0
0,70008,0
0,70059,0
0,69974,0
0,70062,0
1231,70017,1.758468728
-1231,70045,-1.757441645
0,70018,0
0,70043,0
0,70030,0
0,70008,0
0,70040,0
0,70045,0
0,70014,0
0,70014,0
0,70074,0
0,70035,0
0,70004,0
0,69988,0
0,70056,0
1214,70038,1.734128797
-1214,70035,-1.733419005
0,70049,0
0,69987,0
0,70024,0
0,70059,0
0,70008,0
0,70039,0
0,70010,0
0,70047,0
0,70007,0
0,70061,0
0,70006,0
0,70045,0
0,69991,0
1202,70027,1.717506379
-1202,70020,-1.716652385
0,69969,0
0,70141,0
0,69952,0
0,70076,0
0,70027,0
0,70044,0
0,70015,0
0,70039,0
0,70038,0
0,70012,0
0,70014,0
0,70038,0
0,70026,0
1200,70016,1.714989983
-1200,70019,-1.713820534
0,70056,0
0,70007,0
0,70061,0
0,70008,0
0,70009,0
0,70035,0
0,70050,0
0,69998,0
0,70034,0
0,70021,0
0,70052,0
0,70032,0
0,70023,0
1219,70046,1.741080355
-1219,70000,-1.741428571
0,70049,0
0,70038,0
0,70020,0
0,70033,0
0,70043,0
0,69990,0
0,70037,0
0,70053,0
0,70016,0
0,70000,0
0,70068,0
0,70007,0
0,69997,0
1199,70081,1.711414665
-1199,69988,-1.713150826
0,70040,0
0,70042,0
0,70004,0
0,70041,0
0,70030,0
0,70037,0
0,70014,0
0,70013,0
0,70044,0
0,70043,0
0,70034,0
0,70028,0
0,70022,0
1207,70022,1.724269256
-1207,70008,-1.724088676
0,70048,0
0,70014,0
0,70064,0
0,70001,0
0,70004,0
0,70062,0
0,69995,0
0,70069,0
0,69998,0
0,70019,0
0,70050,0
0,70029,0
0,70007,0
1208,70052,1.725196727
-1208,70018,-1.725270645
0,70015,0
0,70036,0
0,70056,0
0,70035,0
0,69999,0
0,70064,0
0,70008,0
0,70041,0
0,70034,0
0,70013,0
0,69998,0
0,70054,0
0,70032,0
1210,70041,1.727608904
-1210,70015,-1.7282011
0,70048,0
0,69989,0
0,70040,0
0,70037,0
0,70029,0
8,70028,0.011424654
-8,70038,-0.011422371
0,70021,0
0,70017,0
0,70033,0
0,70035,0
0,70010,0
0,70025,0
1279,70048,1.826040596
-1279,70014,-1.826777502
0,70047,0
0,70029,0
0,70012,0
0,70024,0
0,70006,0
0,70070,0
0,70012,0
0,70016,0
0,69277,0
0,70807,0
0,70031,0
0,70016,0
0,70021,0
1208,70015,1.726166561
-1208,70036,-1.724827232
0,70028,0
0,70039,0
0,70015,0
0,70041,0
0,70008,0
0,70011,0
0,70066,0
0,70020,0
0,70021,0
0,70032,0
0,70048,0
0,70005,0
0,69992,0
2000,70059,2.855227691
-2000,70016,-2.856489945
0,70023,0
0,70034,0
0,70046,0
0,70020,0
0,70067,0
0,70004,0
0,70023,0
0,70021,0
0,70026,0
0,70028,0
0,70054,0
0,70015,0
0,70046,0
1765,70015,2.522012848
-1765,70022,-2.520636371
0,70053,0
0,69985,0
0,70071,0
0,70023,0
0,70013,0
0,70034,0
0,70029,0
0,70038,0
0,70030,0
0,70033,0
0,70027,0
0,70019,0
0,69988,0
1782,70025,2.54555313
-1782,70064,-2.543388902
0,70003,0
0,70055,0
0,70030,0
0,70010,0
7,70009,0.011424654
-7,70045,-0.009993576
0,70055,0
0,70045,0
0,70006,0
0,70038,0
0,70018,0
0,69995,0
0,70021,0
1710,70064,2.440667673
-1710,70035,-2.441636325
0,69987,0
0,70024,0
0,70050,0
0,70023,0
0,70047,0
0,69995,0
0,70057,0
0,70014,0
0,70046,0
0,70017,0
0,70052,0
0,69992,0
0,70037,0
1655,70034,2.364530607
-1655,70004,-2.36415062
0,70047,0
0,70015,0
0,70037,0
0,70006,0
0,70073,0
0,70039,0
0,70002,0
0,70034,0
0,70034,0
0,70010,0
0,70006,0
0,70026,0
0,70065,0
1716,70032,2.450469982
-1716,70011,-2.451043407
0,70036,0
0,70002,0
0,70040,0
0,70036,0
0,70028,0
0,70026,0
0,70054,0
0,70022,0
0,70029,0
0,70022,0
0,70035,0
0,70029,0
0,70023,0
1083,70052,1.546574934
-1083,70007,-1.546988158
0,70024,0
0,70047,0
0,70032,0
0,70008,0
0,70023,0
0,70001,0
0,70035,0
0,70036,0
0,70022,0
0,70045,0
0,70017,0
0,70035,0
0,70062,0
1208,70004,1.726353667
-1208,70038,-1.724777978
0,70000,0
0,70034,0
0,70046,0
0,69989,0
0,70072,0
7,70001,0.011424654
-7,70010,-0.009998572
0,70044,0
0,70030,0
0,70031,0
0,70054,0
0,69962,0
0,70077,0
1889,70023,2.69853324
-1889,70020,-2.697800628
0,70021,0
0,70028,0
0,70017,0
0,70042,0
0,70037,0
0,70017,0
0,70031,0
0,70047,0
0,70016,0
0,70023,0
0,70034,0
0,70005,0
0,70061,0
2234,70020,3.191544947
-2234,70033,-3.18992475
0,70036,0
0,70006,0
0,70036,0
0,70037,0
0,70021,0
0,69989,0
0,70050,0
0,70053,0
0,69999,0
0,70067,0
0,70005,0
0,70021,0
0,70062,0
2270,70020,3.242746113
-2270,69994,-3.243135126
0,70063,0
0,70010,0
0,70015,0
0,70019,0
0,70035,0
0,70056,0
0,70021,0
0,70050,0
0,70014,0
0,70008,0
8,70070,0.011424654
-8,70003,-0.011428082
0,70039,0
1572,70025,2.245289726
-1572,70026,-2.244880473
7,70021,0.011419436
-7,70052,-0.009992577
0,69988,0
0,70041,0
8,70047,0.011424654
-8,70026,-0.011424328
0,70030,0
0,70023,0
0,70015,0
8,70039,0.011424654
-8,70024,-0.011424654
0,70002,0
0,70050,0
1197,70014,1.710511916
-1197,70018,-1.709560399
0,70036,0
0,70025,0
0,70050,0
0,69993,0
0,70068,0
0,70012,0
0,70008,0
0,70054,0
15,70047,0.022838872
-15,70001,-0.021428265
0,70031,0
0,70010,0
0,70047,0
1213,70048,1.732745123
-1213,70009,-1.732634376
0,70000,0
0,70052,0
0,70000,0
0,70078,0
0,70018,0
0,70027,0
0,70025,0
0,70023,0
0,70038,0
0,70036,0
0,70017,0
0,70013,0
0,70025,0
1213,70027,1.733245767
-1213,70046,-1.731719156
0,69982,0
8,70079,0.011423349
-8,70021,-0.011425144
7,69990,0.01142596
-7,70054,-0.009992292
0,70033,0
0,70052,0
0,69660,0
0,70380,0
0,70047,0
0,70039,0
0,69987,0
0,70031,0
1209,70053,1.727036746
-1209,70010,-1.726896158
0,70023,0
0,70043,0
0,70007,0
16,70060,0.022844089
-16,70032,-0.022846699
0,69998,0
0,70061,0
0,70026,0
0,69997,0
0,70054,0
0,70021,0
0,70020,0
0,70047,0
1207,70029,1.724023038
-1207,69992,-1.724482798
0,70044,0
0,70042,0
0,70042,0
0,69979,0
0,70059,0
0,70025,0
0,70025,0
8,70032,0.011424654
-8,70019,-0.01142547
0,70052,0
0,69996,0
0,70023,0
0,70071,0
1206,69981,1.723620889
-1206,70041,-1.721848632
0,70055,0
0,70013,0
0,70004,0
0,70048,0
0,70034,0
0,70025,0
0,70022,0
0,70048,0
0,70002,0
16,70035,0.022846699
-16,70053,-0.02283985
0,70013,0
0,70013,0
1209,70027,1.727650985
-1209,70051,-1.725885426
0,70031,0
0,70020,0
0,70038,0
0,69983,0
0,70067,0
0,70025,0
0,70022,0
0,70015,0
0,70053,0
7,70012,0.011423349
-7,70047,-0.00999329
0,70005,0
0,70037,0
1196,70028,1.708315484
-1196,70038,-1.707644422
0,69992,0
24,70061,0.034277879
-24,70014,-0.034278859
0,70051,0
0,70007,0
0,70025,0
0,70041,0
0,70027,0
0,70013,0
0,70045,0
7,70036,0.01142074
-7,69979,-0.010003001
0,70058,0
1192,70035,1.703374871
-1192,70037,-1.701957537
0,70034,0
0,70004,0
0,70021,0
0,70052,0
0,70018,0
0,70016,0
0,70049,0
0,70023,0
0,70025,0
0,70025,0
16,70040,0.022846699
-16,69626,-0.022979921
0,70409,0
1237,70061,1.766717144
-1237,70001,-1.767117613
0,70025,0
0,70052,0
8,70042,0.011424654
-8,70014,-0.011426286
0,70006,0
7,70028,0.011423349
-7,70016,-0.009997715
0,70061,0
0,70027,0
0,69982,0
0,70050,0
0,70045,0
0,70027,0
1211,70037,1.73030316
-1211,70026,-1.729357667
0,70000,0
8,70054,0.011423349
-8,69989,-0.011430368
0,70039,0
0,70061,0
8,70023,0.01142596
-8,70011,-0.011426776
7,70014,0.011424654
-7,70048,-0.009993148
0,70043,0
0,70029,0
0,70023,0
0,69991,0
1204,70049,1.719591829
-1204,70041,-1.718993161
0,69989,0
0,70036,0
0,70061,0
0,70003,0
0,70043,0
0,70018,0
0,70050,0
0,70015,0
0,70041,0
0,70002,0
0,70023,0
0,70035,0
0,70022,0
1200,70027,1.714367283
-1200,70033,-1.713477932
0,70030,0
0,70020,0
0,70000,0
0,70062,0
0,70023,0
0,70019,0
0,70037,0
0,70056,0
0,70005,0
0,70018,0
0,69365,0
0,69957,0
0,70786,0
1219,70024,1.741954532
-1219,70048,-1.740235267
0,70039,0
0,69966,0
0,70048,0
0,70009,0
0,70063,0
0,70029,0
0,70036,0
0,70016,0
0,70023,0
0,70046,0
0,70004,0
0,70022,0
0,70048,0
1192,69970,1.703833864
-1192,70104,-1.700330937
0,70004,0
0,70048,0
0,70017,0
0,70002,0
0,70027,0
0,70076,0
0,70003,0
0,70051,0
0,70008,0
7,70007,0.011423349
-7,70072,-0.009989725
0,69993,0
0,70052,0
1206,70021,1.722480753
-1206,70039,-1.7218978
0,70013,0
0,70043,0
0,70029,0
0,70008,0
0,70022,0
0,70040,0
0,70010,0
0,70064,0
0,70026,0
0,70004,0
0,70027,0
0,70050,0
0,70003,0
1205,70037,1.72077118
-1205,70014,-1.721084355
0,70034,0
0,70032,0
0,70029,0
0,70042,0
0,70010,0
0,70042,0
0,70046,0
0,69997,0
0,70020,0
0,70036,0
0,70045,0
0,70032,0
0,69993,0
1316,70063,1.87949696
-1316,70011,-1.879704618
7,70022,0.011422045
-7,70052,-0.009992577
0,70011,0
7,69947,0.011428571
-7,70123,-0.009982459
0,70020,0
0,70036,0
0,70013,0
0,70043,0
0,69999,0
0,70031,0
0,70057,0
0,70031,0
1201,70022,1.715955771
-1201,70029,-1.715003784
0,70025,0
0,69996,0
0,70059,0
7,70030,0.011423349
-7,70039,-0.009994432
0,70030,0
0,70034,0
0,70013,0
0,70019,0
0,70023,0
0,70044,0
7,70026,0.011422045
-7,70035,-0.009995002
1216,70017,1.737905567
-1216,70011,-1.73686992
0,70058,0
0,69996,0
0,70037,0
0,70035,0
0,70021,0
0,70018,0
0,70027,0
0,70035,0
0,70050,0
8,70017,0.01142596
-8,70012,-0.011426613
0,70032,0
0,70057,0
1194,70017,1.70605736
-1194,70003,-1.705641187
0,70035,0
0,70053,0
0,70011,0
8,70051,0.011422045
-8,69990,-0.011430204
8,70052,0.011423349
-8,70017,-0.011425797
0,69571,0
0,70502,0
0,70045,0
0,70003,0
0,70035,0
0,70025,0
1280,70049,1.828550088
-1280,70012,-1.828258013
0,70010,0
0,70037,0
8,70036,0.011423349
-8,70017,-0.011425797
0,70040,0
0,70019,0
0,70028,0
0,70025,0
0,70031,0
0,70022,0
0,70062,0
0,70011,0
0,69988,0
2234,70046,3.190132867
-2234,70047,-3.189287193
0,69996,0
0,70063,0
8,70019,0.01142596
-8,70039,-0.011422208
8,70032,0.011424654
-8,70021,-0.011425144
0,70022,0
7,70033,0.011422045
-7,70014,-0.009998
0,70013,0
0,70053,0
0,70036,0
0,70021,0
1193,70004,1.705118687
-1193,70045,-1.703190806
0,70039,0
0,70037,0
0,70025,0
0,70031,0
0,69987,0
0,70038,0
0,70055,0
0,69996,0
0,70078,0
0,69995,0
0,70019,0
0,70042,0
0,70019,0
1205,70036,1.721618521
-1205,70022,-1.720887721
0,70042,0
0,70029,0
0,69991,0
0,70063,0
0,70027,0
0,70024,0
0,70008,0
0,70037,0
0,70052,0
0,70024,0
0,70016,0
0,70046,0
0,70001,0
1207,70053,1.723776889
-1207,70031,-1.72352244
0,70024,0
0,70025,0
0,70037,0
0,70010,0
0,70023,0
0,70024,0
0,70017,0
0,70043,0
0,70046,0
0,70016,0
7,70015,0.011424654
-7,70029,-0.009995859
0,70027,0
1688,70035,2.411124604
-1688,70006,-2.411221895
0,70070,0
0,70008,0
0,70038,0
0,70010,0
0,70042,0
0,70032,0
0,70030,0
0,70027,0
0,70036,0
0,70000,0
0,70022,0
8,70040,0.011423349
-8,70061,-0.011418621
1125,69996,1.608320073
-1125,70015,-1.606798543
0,70049,0
7,70006,0.011423349
-7,70067,-0.009990438
0,70014,0
0,70032,0
0,70027,0
0,70027,0
0,70024,0
0,70039,0
0,70015,0
0,70015,0
0,70045,0
0,70040,0
1201,70018,1.715945341
-1201,70006,-1.715567237
0,70046,0
0,70010,0
0,70055,0
0,70015,0
0,70054,0
7,70003,0.01142596
-7,70047,-0.00999329
0,70015,0
0,70032,0
0,70034,0
0,70034,0
0,70016,0
0,70017,0
1207,70039,1.724006662
-1207,70025,-1.723670118
0,70042,0
0,70000,0
0,70046,0
0,70041,0
0,69983,0
0,70047,0
0,70040,0
0,70021,0
0,70035,0
0,70012,0
0,70060,0
0,70008,0
0,70032,0
1204,70030,1.720175301
-1204,70026,-1.71936138
0,70022,0
8,70042,0.011423349
-8,70030,-0.011423676
0,69996,0
0,70040,0
0,70037,0
0,70008,0
0,70064,0
0,70024,0
0,70001,0
0,70043,0
0,70014,0
0,70053,0
1191,70022,1.70096218
-1191,70013,-1.701112651
0,70019,0
0,70032,0
0,70034,0
0,70060,0
0,70002,0
0,70032,0
0,70010,0
0,70032,0
0,70051,0
0,70029,0
0,70025,0
0,70005,0
0,70062,0
1195,70017,1.707937867
-1195,70030,-1.706411538
0,70023,0
0,70025,0
0,70028,0
0,70018,0
0,70032,0
0,70048,0
0,70021,0
0,70021,0
0,70037,0
0,70038,0
0,70018,0
0,70011,0
0,70040,0
1205,70019,1.721059773
-1205,70024,-1.72083857
0,70052,0
0,70013,0
0,70028,0
0,70038,0
0,69995,0
0,70062,0
0,70004,0
0,70060,0
0,69999,0
0,70030,0
0,70021,0
0,70022,0
0,70065,0
1205,70018,1.721446453
-1205,70029,-1.720715703
0,70011,0
0,70035,0
7,70024,0.011423349
-7,70034,-0.009995145
0,70040,0
7,70014,0.011424654
-7,70050,-0.009992862
0,70008,0
0,70020,0
0,70049,0
0,70016,0
0,70028,0
0,70036,0
1193,70038,1.703677258
-1193,69994,-1.704431808
0,70049,0
0,70035,0
0,70024,0
0,70033,0
0,70017,0
0,70026,0
0,70030,0
0,70001,0
0,70038,0
0,70042,0
0,70021,0
0,70039,0
0,70044,0
1195,70034,1.706375515
-1195,69992,-1.707337981
0,70049,0
0,70022,0
0,70036,0
0,70001,0
0,70042,0
0,69956,0
0,70083,0
0,70066,0
0,70021,0
0,70006,0
0,70041,0
0,70025,0
0,70033,0
1063,70018,1.518763293
-1063,70053,-1.517422523
0,70011,0
0,70026,0
0,70051,0
0,70022,0
0,70029,0
0,70005,0
0,70021,0
0,70024,0
0,70048,0
0,70026,0
0,70031,0
0,70017,0
0,70062,0
2320,70012,3.315059106
-2320,70003,-3.31414368
0,70055,0
0,70015,0
0,70037,0
0,70031,0
0,70021,0
0,70011,0
0,70040,0
0,70036,0
0,70020,0
0,70033,0
0,70010,0
0,70034,0
0,70048,0
1200,70013,1.714282995
-1200,70030,-1.713551335
0,70012,0
0,70030,0
0,70038,0
8,70025,0.011424654
-8,70027,-0.011424165
0,70048,0
0,70030,0
0,70046,0
0,70016,0
0,70039,0
0,70013,0
0,70011,0
0,70014,0
1203,70064,1.717712572
-1203,69997,-1.718645085
0,70070,0
0,69984,0
0,70048,0
0,70015,0
8,70042,0.011424654
-8,70022,-0.011424981
0,70029,0
8,70023,0.011428571
-8,70022,-0.011424981
0,70031,0
0,70024,0
0,70020,0
0,70043,0
1205,70026,1.721658811
-1205,70024,-1.72083857
0,70032,0
23,70008,0.034270048
-23,70051,-0.032833222
0,70018,0
0,69999,0
0,70060,0
0,70044,0
0,70019,0
0,70031,0
0,70015,0
0,70017,0
0,70042,0
0,70043,0
1206,70013,1.723062566
-1206,70044,-1.721774884
0,70014,0
0,70025,0
0,70052,0
0,69997,0
0,70047,0
0,70046,0
0,70002,0
0,70034,0
0,70019,0
0,70023,0
0,70028,0
0,70038,0
0,70000,0
1195,70033,1.706471641
-1195,70053,-1.705851284
0,70044,0
0,69984,0
0,70057,0
0,70008,0
16,70047,0.022846699
-16,70007,-0.022854857
0,70008,0
0,70062,0
0,70012,0
0,70065,0
0,70021,0
7,69992,0.011424654
-7,70046,-0.009993433
1200,69996,1.714402599
-1200,70060,-1.712817585
0,70051,0
0,69963,0
0,70051,0
0,70050,0
16,70030,0.022849309
-16,70021,-0.022850288
8,70036,0.01142596
-8,70030,-0.011423676
0,70025,0
0,69289,0
0,70331,0
0,70469,0
0,70025,0
1198,69950,1.713477932
-1198,69980,-1.711917691
0,70165,0
0,70032,0
15,70005,0.022849309
-15,70048,-0.021413888
0,70028,0
0,70026,0
0,70018,0
0,70007,0
0,70053,0
0,70019,0
0,70058,0
0,70021,0
0,69993,0
1223,70043,1.7461927
-1223,70045,-1.746020415
0,70002,0
7,70024,0.01142074
-7,70062,-0.009991151
7,69977,0.011424654
-7,70093,-0.009986732
0,70027,0
0,70021,0
0,70004,0
0,70028,0
15,70047,0.022838872
-15,70005,-0.021427041
0,69995,0
0,70077,0
1201,70029,1.715150736
-1201,70006,-1.715567237
0,70022,0
0,70010,0
0,70066,0
0,70027,0
7,70035,0.011419436
-7,69974,-0.010003716
8,70090,0.011424654
-8,70028,-0.011424002
0,70000,0
0,70064,0
7,70033,0.01142074
-7,70004,-0.009999429
0,70049,0
1216,70012,1.738004816
-1216,70035,-1.73627472
0,70012,0
0,70055,0
0,70011,0
0,70032,0
0,70031,0
0,70016,0
0,70033,0
0,70028,0
0,70032,0
0,70049,0
0,69999,0
0,70032,0
0,70007,0
1204,70035,1.72054372
-1204,70034,-1.719164977
0,70023,0
8,70066,0.01142596
-8,69989,-0.011430368
0,70023,0
7,70030,0.011423349
-7,70070,-0.00999001
0,70012,0
0,70032,0
0,70039,0
0,70006,0
0,70030,0
0,70050,0
0,69998,0
1208,70057,1.725591029
-1208,70004,-1.725615679
7,70020,0.011423349
-7,70062,-0.009991151
7,69981,0.011422045
-7,70069,-0.009990153
0,70003,0
7,70018,0.011422045
-7,70021,-0.009997001
0,70034,0
0,70056,0
7,70012,0.011419436
-7,70050,-0.009992862
0,70022,0
0,70009,0
1655,70044,2.363681365
-1655,70030,-2.363272883
0,70013,0
0,70040,0
8,70031,0.011424654
-8,69997,-0.011429061
0,70051,0
0,70032,0
7,69995,0.011423349
-7,70057,-0.009991864
0,70006,0
0,70049,0
0,70013,0
0,70054,0
0,70030,0
1217,70019,1.73912218
-1217,70046,-1.737429689
0,70016,0
0,70025,0
0,70007,0
0,70020,0
8,70037,0.011423349
-8,70059,-0.011418947
0,70001,0
8,70051,0.011424654
-8,70023,-0.011424818
0,69998,0
0,70069,0
0,70017,0
0,70032,0
1203,70015,1.7192727
-1203,70040,-1.717589949
0,69997,0
0,70052,0
7,70010,0.011424654
-7,70044,-0.009993718
0,70008,0
0,70055,0
0,69994,0
0,70027,0
8,70033,0.011424654
-8,70034,-0.011423023
0,70041,0
0,70043,0
0,69985,0
1192,70050,1.703044924
-1192,70035,-1.70200614
0,70001,0
0,70046,0
0,70040,0
0,70025,0
8,70002,0.011429878
-8,70060,-0.011418784
0,70026,0
0,69873,0
0,70143,0
0,70013,0
8,70061,0.01142596
-8,70040,-0.011422045
0,70033,0
2238,69999,3.19814987
-2238,70066,-3.194131248
0,69994,0
0,70045,0
0,70017,0
0,70028,0
0,70038,0
0,70051,0
0,69996,0
0,69992,0
0,70076,0
0,70045,0
0,70023,0
0,70039,0
0,69999,0
1277,70019,1.824037393
-1277,70017,-1.823842781
0,70056,0
0,70033,0
0,70016,0
0,70035,0
0,70039,0
0,70011,0
0,70038,0
0,70047,0
0,70006,0
0,70033,0
0,70014,0
0,70026,0
0,70040,0
1198,70025,1.711207553
-1198,70033,-1.710622135
0,69998,0
0,70035,0
0,70036,0
0,70038,0
0,70039,0
0,70013,0
0,70023,0
0,70025,0
0,70040,0
0,70033,0
0,70036,0
0,70039,0
0,69655,0
1200,69980,1.71504962
-1200,70428,-1.70386778
0,70037,0
0,70028,0
0,70049,0
0,69998,0
0,70022,0
0,70057,0
0,70012,0
0,70049,0
0,70000,0
0,70031,0
0,70020,0
0,70027,0
0,70037,0
1216,70005,1.737370852
-1216,70057,-1.735729477
0,70036,0
0,69989,0
0,70069,0
0,69991,0
0,70063,0
0,70023,0
0,70004,0
0,70056,0
0,70018,0
0,70058,0
0,70004,0
0,70013,0
0,70058,0
1197,70023,1.710329074
-1197,70011,-1.709731328
0,70022,0
0,70050,0
0,70032,0
0,69994,0
0,70045,0
0,70041,0
0,70014,0
0,70012,0
0,70029,0
0,70054,0
0,70017,0
0,70016,0
0,70021,0
1198,70047,1.711037477
-1198,70041,-1.71042675
0,70010,0
0,70030,0
0,70041,0
0,69992,0
0,70071,0
0,70003,0
0,70018,0
0,70046,0
0,70034,0
0,69999,0
0,70063,0
0,70024,0
0,70054,0
1197,69989,1.711599731
-1197,70058,-1.708584316
0,70019,0
0,70005,0
0,70018,0
0,70018,0
0,70082,0
0,69977,0
0,70040,0
0,70010,0
0,70065,0
0,70025,0
0,70048,0
0,69995,0
0,70021,0
1206,70029,1.722751262
-1206,70031,-1.722094501
0,69986,0
0,70060,0
0,70030,0
0,70065,0
0,69993,0
0,70007,0
0,70058,0
0,70046,0
7,70016,0.011424654
-7,70009,-0.009998714
0,70030,0
0,70052,0
0,69990,0
1204,70084,1.71908176
-1204,70001,-1.719975429
0,70032,0
0,70039,0
0,70043,0
0,69998,0
0,70051,0
0,70040,0
0,69999,0
0,70009,0
0,70064,0
0,70009,0
0,70054,0
0,70038,0
0,69996,0
1209,70042,1.726928276
-1209,70015,-1.726772834
0,70030,0
0,70028,0
0,70030,0
0,70037,0
0,70018,0
0,70040,0
0,70023,0
0,70032,0
0,70027,0
0,70040,0
0,70021,0
0,70005,0
0,70049,0
1191,70030,1.701870391
-1191,70005,-1.701307049
0,70015,0
0,70064,0
0,70004,0
0,70030,0
8,70039,0.011424654
-8,70031,-0.011423512
0,70036,0
0,70011,0
0,70050,0
0,70006,0
0,70033,0
7,70035,0.011422045
-7,69997,-0.010000429
1202,70045,1.716235704
-1202,70015,-1.716774977
0,70024,0
0,70057,0
0,70037,0
0,70012,0
0,70006,0
8,70024,0.011424654
-8,70063,-0.011418295
0,70017,0
0,70033,0
0,70035,0
7,69984,0.01142074
-7,70052,-0.009992577
0,70055,0
1198,70036,1.710561395
-1198,70000,-1.711428571
0,70036,0
0,70019,0
0,70041,0
0,70005,0
0,70049,0
0,70035,0
0,70025,0
0,70003,0
0,70039,0
0,70046,0
0,70030,0
0,70003,0
0,70066,0
1195,69972,1.708962048
-1195,70064,-1.705583467
0,70006,0
0,70032,0
0,70020,0
0,70043,0
8,70047,0.011423349
-8,70041,-0.011421881
7,69975,0.011422045
-7,70048,-0.009993148
0,70032,0
0,70001,0
0,70047,0
0,70017,0
0,70017,0
1210,70049,1.728028334
-1210,70013,-1.728250468
0,70060,0
0,69985,0
0,70042,0
0,70034,0
8,70063,0.011424654
-8,69997,-0.011429061
0,70055,0
7,70031,0.011422045
-7,69989,-0.010001572
0,70062,0
0,70020,0
0,70016,0
0,70041,0
1212,70007,1.732096122
-1212,70040,-1.730439749
7,70014,0.011422045
-7,70016,-0.009997715
0,70074,0
0,70015,0
0,70039,0
0,70001,0
0,70024,0
0,70033,0
0,70054,0
0,70042,0
0,69992,0
0,70057,0
0,69999,0
1206,70049,1.722382407
-1206,70028,-1.722168276
0,70003,0
0,70039,0
0,70030,0
0,69992,0
0,70040,0
0,70044,0
0,70051,0
7,70013,0.011423349
-7,70032,-0.009995431
0,70009,0
0,70037,0
0,70034,0
0,70045,0
1206,70001,1.72363716
-1206,70051,-1.721602832
8,70035,0.011424654
-8,69997,-0.011429061
0,70032,0
0,70005,0
0,70040,0
0,70007,0
0,70036,0
0,70042,0
0,70058,0
0,70014,0
0,70033,0
0,70041,0
0,70014,0
1262,69998,1.80351278
-1262,70030,-1.802084821
0,70035,0
0,70035,0
0,70033,0
0,70053,0
0,70030,0
0,70018,0
0,70038,0
7,70016,0.01142074
-7,70038,-0.009994574
7,69993,0.011423349
-7,70048,-0.009993148
0,70020,0
0,70046,0
1197,70031,1.71031712
-1197,70015,-1.70963365
0,70031,0
0,70027,0
7,70024,0.011423349
-7,70047,-0.00999329
7,70029,0.01142074
-7,69997,-0.010000429
0,70052,0
0,70032,0
0,70014,0
0,70018,0
7,70049,0.011419436
-7,70001,-0.009999857
0,70044,0
1200,70038,1.714671767
-1200,70023,-1.713722634
0,70031,0
7,70009,0.011422045
-7,70049,-0.009993005
0,70026,0
7,70025,0.011423349
-7,69999,-0.010000143
16,70053,0.02285192
-16,70024,-0.022849309
0,70042,0
0,70005,0
0,70047,0
0,70010,0
0,70001,0
1182,70060,1.687189668
-1182,70006,-1.688426706
0,70055,0
0,70016,0
0,70017,0
0,70058,0
0,70022,0
0,70035,0
0,70020,0
0,70030,0
0,70011,0
0,70032,0
0,70035,0
0,70010,0
0,70041,0
1197,70055,1.708974615
-1197,70007,-1.709829017
0,70054,0
0,70017,0
0,70020,0
0,70049,0
0,69984,0
0,70037,0
0,70056,0
0,70029,0
0,70021,0
0,70006,0
0,70042,0
0,70029,0
0,70008,0
1204,70043,1.71967121
-1204,70026,-1.71936138
0,70005,0
0,70057,0
7,70024,0.011423349
-7,69997,-0.010000429
0,70037,0
0,70055,0
0,70033,0
0,70012,0
0,70039,0
0,70003,0
0,70051,0
0,70036,0
0,70000,0
1210,70036,1.728856965
-1210,70056,-1.727189677
0,70026,0
0,70002,0
0,70054,0
0,70035,0
0,70029,0
0,70027,0
0,70006,0
0,70019,0
0,70039,0
0,70013,0
8,70054,0.011424654
-8,70017,-0.011425797
0,70005,0
1197,70017,1.71030516
-1197,70060,-1.708535541
0,69993,0
0,70067,0
0,70002,0
0,70057,0
0,70032,0
0,70007,0
0,70051,0
0,70019,0
0,70037,0
0,70019,0
0,70049,0
0,69971,0
0,70047,0
1454,70043,2.076070629
-1454,70003,-2.077053841
0,70055,0
0,70020,0
0,70052,0
0,69984,0
0,70039,0
0,70041,0
0,70033,0
0,70020,0
0,70041,0
0,69988,0
0,70050,0
0,70051,0
0,69995,0
1196,70044,1.707704906
-1196,70033,-1.707766339
0,70041,0
0,69995,0
0,70030,0
8,70032,0.011423349
-8,70053,-0.011419925
0,70005,0
0,70043,0
0,70004,0
0,70043,0
0,70041,0
0,70024,0
0,70009,0
0,70040,0
1199,70029,1.713453465
-1199,70012,-1.712563561
0,70036,0
0,70011,0
0,70068,0
0,70005,0
0,70034,0
0,70034,0
0,70017,0
0,70028,0
0,70022,0
0,70063,0
0,70015,0
0,69997,0
0,70053,0
1628,70004,2.325913242
-1628,70070,-2.323390895
0,70007,0
0,70049,0
0,70027,0
0,70020,0
0,70026,0
0,70018,0
0,70029,0
0,70030,0
0,70005,0
0,70019,0
0,70050,0
0,70062,0
0,70014,0
1196,70008,1.708705878
-1196,70019,-1.708107799
0,70022,0
0,70036,0
0,70035,0
0,70026,0
0,70057,0
0,70024,0
0,69978,0
0,70069,0
0,70044,0
0,69992,0
0,70043,0
0,70007,0
0,70060,0
1181,70024,1.687652419
-1181,69998,-1.687191063
0,70064,0
0,70022,0
0,70003,0
0,70055,0
0,70025,0
0,70001,0
7,70038,0.011422045
-7,70060,-0.009991436
0,69996,0
0,70040,0
7,70022,0.011424654
-7,70054,-0.009992292
0,70003,0
1211,70040,1.730421543
-1211,70006,-1.729851727
0,70043,0
0,70043,0
0,70003,0
0,70025,0
0,70027,0
0,70010,0
0,70074,0
0,70021,0
0,70020,0
7,69441,0.011423349
-7,70605,-0.009914312
0,70032,0
0,70030,0
1199,70035,1.71242354
-1199,70041,-1.711854485
0,70008,0
0,70024,0
8,70043,0.011423349
-8,69995,-0.011429388
0,70071,0
0,70000,0
0,70055,0
0,69967,0
0,70047,0
0,70041,0
0,70055,0
0,70001,0
0,70045,0
1196,70022,1.708877024
-1196,70030,-1.707839497
0,70019,0
0,70015,0
0,70027,0
8,70034,0.01142596
-8,70035,-0.01142286
0,70036,0
0,70020,0
0,70026,0
0,70060,0
7,69993,0.011424654
-7,70032,-0.009995431
0,70032,0
0,70033,0
1247,70024,1.781879306
-1247,70030,-1.780665429
0,70057,0
0,70026,0
7,70012,0.011412919
-7,70017,-0.009997572
0,70017,0
0,70041,0
7,70028,0.011423349
-7,70043,-0.009993861
0,70038,0
0,70007,0
0,70015,0
0,70051,0
0,70022,0
1194,70002,1.7062784
-1194,70069,-1.704034594
0,69984,0
0,70025,0
0,70040,0
0,70037,0
0,70023,0
0,70029,0
0,70034,0
0,70029,0
0,69999,0
0,70075,0
0,69992,0
0,70038,0
0,70046,0
1202,70001,1.717506379
-1202,70068,-1.715476394
0,69992,0
0,70036,0
0,70052,0
0,70011,0
0,70018,0
0,70031,0
0,70035,0
0,70031,0
0,70029,0
0,70039,0
0,70018,0
0,70055,0
0,70003,0
1208,70041,1.725606651
-1208,70007,-1.725541732
0,70043,0
0,70035,0
0,70000,0
0,70011,0
0,70036,0
0,70036,0
0,70062,0
0,70000,0
0,70013,0
0,70067,0
0,69996,0
0,70003,0
0,70047,0
1212,70044,1.731385346
-1212,70022,-1.730884579
0,70009,0
0,70037,0
0,70039,0
0,70023,0
0,70029,0
0,70014,0
0,70069,0
0,70001,0
0,70041,0
0,70024,0
0,70048,0
0,70033,0
0,69976,0
1211,70055,1.72979095
-1211,70021,-1.729481156
0,70054,0
0,70018,0
0,70024,0
0,70020,0
0,70043,0
0,69994,0
0,70059,0
0,70004,0
0,70016,0
0,70040,0
0,70052,0
0,69993,0
0,70026,0
1201,70045,1.715675773
-1201,70054,-1.714391755
0,69997,0
0,70029,0
0,70046,0
0,69995,0
0,70050,0
0,70037,0
0,70019,0
0,70061,0
0,70018,0
0,70015,0
0,70030,0
0,70050,0
0,70021,0
0,70011,0
